<?xml version="1.0" encoding="utf-8" ?>
<dwsync>
<file name="pattern2_blue_yellow.css" server="ftp.stackcp.com" local="132483592592897554" remote="132460024800000000" Dst="0" />
<file name="pattern2_black_lightblue.css" server="ftp.stackcp.com" local="132483592594389665" remote="132460079400000000" Dst="0" />
<file name="pattern2_darkpink_grey.css" server="ftp.stackcp.com" local="132483592595829713" remote="132460026000000000" Dst="0" />
<file name="pattern2_gold_blue.css" server="ftp.stackcp.com" local="132483592599956272" remote="132460029000000000" Dst="0" />
<file name="pattern2_greenlight_greendark.css" server="ftp.stackcp.com" local="132483592604194964" remote="132460026000000000" Dst="0" />
<file name="pattern2_greendark_greenlight.css" server="ftp.stackcp.com" local="132483592605639817" remote="132460026000000000" Dst="0" />
<file name="pattern2_lightgrey_lightgold.css" server="ftp.stackcp.com" local="132483592607062444" remote="132460027800000000" Dst="0" />
<file name="pattern2_marron_brown.css" server="ftp.stackcp.com" local="132483592611427990" remote="132460025400000000" Dst="0" />
<file name="pattern2_yellow_darkblue.css" server="ftp.stackcp.com" local="132483592615697005" remote="132460027800000000" Dst="0" />
</dwsync>