<?xml version="1.0" encoding="utf-8" ?>
<dwsync>
<file name="pattern5_blue_yellow.css" server="ftp.stackcp.com" local="132483592672854105" remote="132460078800000000" Dst="0" />
<file name="pattern5_black_lightblue.css" server="ftp.stackcp.com" local="132483592674319974" remote="132460079400000000" Dst="0" />
<file name="pattern5_darkpink_grey.css" server="ftp.stackcp.com" local="132483592675726118" remote="132460078800000000" Dst="0" />
<file name="pattern5_gold_blue.css" server="ftp.stackcp.com" local="132483592680022784" remote="132460078800000000" Dst="0" />
<file name="pattern5_greenlight_greendark.css" server="ftp.stackcp.com" local="132483592684260043" remote="132460078800000000" Dst="0" />
<file name="pattern5_greendark_greenlight.css" server="ftp.stackcp.com" local="132483592685740716" remote="132460078800000000" Dst="0" />
<file name="pattern5_lightgrey_lightgold.css" server="ftp.stackcp.com" local="132483592688621450" remote="132460078800000000" Dst="0" />
<file name="pattern5_marron_brown.css" server="ftp.stackcp.com" local="132483592691420609" remote="132460078800000000" Dst="0" />
<file name="pattern5_yellow_darkblue.css" server="ftp.stackcp.com" local="132483592696084413" remote="132460078800000000" Dst="0" />
</dwsync>