<?xml version="1.0" encoding="utf-8" ?>
<dwsync>
<file name="pattern3_black_lightblue.css" server="ftp.stackcp.com" local="132483592614261123" remote="132459406800000000" Dst="0" />
<file name="pattern3_blue_yellow.css" server="ftp.stackcp.com" local="132483592619946820" remote="132458624400000000" Dst="0" />
<file name="pattern3_darkpink_grey.css" server="ftp.stackcp.com" local="132483592622850456" remote="132459220200000000" Dst="0" />
<file name="pattern3_gold_blue.css" server="ftp.stackcp.com" local="132483592624283222" remote="132459259200000000" Dst="0" />
<file name="pattern3_greendark_greenlight.css" server="ftp.stackcp.com" local="132483592627154252" remote="132459270000000000" Dst="0" />
<file name="pattern3_lightgrey_lightgold.css" server="ftp.stackcp.com" local="132483592631253465" remote="132459273000000000" Dst="0" />
<file name="pattern3_greenlight_greendark.css" server="ftp.stackcp.com" local="132483592632716512" remote="132459264000000000" Dst="0" />
<file name="pattern3_marron_brown.css" server="ftp.stackcp.com" local="132483592635569017" remote="132459279000000000" Dst="0" />
<file name="pattern3_yellow_darkblue.css" server="ftp.stackcp.com" local="132483592639749568" remote="132459286800000000" Dst="0" />
</dwsync>