<?xml version="1.0" encoding="utf-8" ?>
<dwsync>
<file name="pattern4_black_lightblue.css" server="ftp.stackcp.com" local="132483592642946858" remote="132459406800000000" Dst="0" />
<file name="pattern4_blue_yellow.css" server="ftp.stackcp.com" local="132483592644442129" remote="132459307200000000" Dst="0" />
<file name="pattern4_darkpink_grey.css" server="ftp.stackcp.com" local="132483592647230452" remote="132459307200000000" Dst="0" />
<file name="pattern4_gold_blue.css" server="ftp.stackcp.com" local="132483592654388115" remote="132459307200000000" Dst="0" />
<file name="pattern4_greendark_greenlight.css" server="ftp.stackcp.com" local="132483592654438384" remote="132459307800000000" Dst="0" />
<file name="pattern4_greenlight_greendark.css" server="ftp.stackcp.com" local="132483592657230551" remote="132459313800000000" Dst="0" />
<file name="pattern4_lightgrey_lightgold.css" server="ftp.stackcp.com" local="132483592664314471" remote="132459362400000000" Dst="0" />
<file name="pattern4_marron_brown.css" server="ftp.stackcp.com" local="132483592664364049" remote="132459323400000000" Dst="0" />
<file name="pattern4_yellow_darkblue.css" server="ftp.stackcp.com" local="132483592667097223" remote="132459325800000000" Dst="0" />
</dwsync>