<?xml version="1.0" encoding="utf-8" ?>
<dwsync>
<file name="pattern1_blue_yellow.css" server="ftp.stackcp.com" local="132483592564354501" remote="132458623800000000" Dst="0" />
<file name="pattern1_darkpink_grey.css" server="ftp.stackcp.com" local="132483592565803262" remote="132458623800000000" Dst="0" />
<file name="pattern1_black_lightblue.css" server="ftp.stackcp.com" local="132483592567301559" remote="132458623800000000" Dst="0" />
<file name="pattern1_gold_blue.css" server="ftp.stackcp.com" local="132483592573112627" remote="132458623800000000" Dst="0" />
<file name="pattern1_greendark_greenlight.css" server="ftp.stackcp.com" local="132483592575869793" remote="132458623800000000" Dst="0" />
<file name="pattern1_greenlight_greendark.css" server="ftp.stackcp.com" local="132483592575919697" remote="132458623800000000" Dst="0" />
<file name="pattern1_lightgrey_lightgold.css" server="ftp.stackcp.com" local="132483592583039754" remote="132458623800000000" Dst="0" />
<file name="pattern1_marron_brown.css" server="ftp.stackcp.com" local="132483592585919844" remote="132458624400000000" Dst="0" />
<file name="pattern1_yellow_darkblue.css" server="ftp.stackcp.com" local="132483592585969710" remote="132458624400000000" Dst="0" />
</dwsync>