<?xml version="1.0" encoding="utf-8" ?>
<dwsync>
<file name="custom_cn.css" server="ftp.stackcp.com" local="132483584299785791" remote="132483387600000000" Dst="0" />
<file name="custom_cn.css.map" server="ftp.stackcp.com" local="132483582860000000" remote="132483387600000000" Dst="0" />
<file name="custom_cn.scss" server="ftp.stackcp.com" local="132483582860000000" remote="132483387600000000" Dst="0" />
<file name="bootstrap-iconpicker.min.css" server="ftp.stackcp.com" local="132483592495743117" remote="132371023800000000" Dst="0" />
<file name="ajax-loader.gif" server="ftp.stackcp.com" local="132483592497358108" remote="132313626000000000" Dst="0" />
<file name="bootstrap.min.css" server="ftp.stackcp.com" local="132483592502644458" remote="132368757000000000" Dst="0" />
<file name="dilfine.css" server="ftp.stackcp.com" local="132483592504089605" remote="132479699400000000" Dst="0" />
<file name="floating-labels.css" server="ftp.stackcp.com" local="132483592506951625" remote="132410291400000000" Dst="0" />
<file name="floating-labels.min.css" server="ftp.stackcp.com" local="132483592510995939" remote="132410291400000000" Dst="0" />
<file name="font-awesome.min.css" server="ftp.stackcp.com" local="132483592512564291" remote="132417172800000000" Dst="0" />
<file name="frontcolor.css" server="ftp.stackcp.com" local="132483592534103282" remote="132421956000000000" Dst="0" />
<file name="install.css" server="ftp.stackcp.com" local="132483592549082700" remote="132415393800000000" Dst="0" />
<file name="index.php" server="ftp.stackcp.com" local="132483592555706559" remote="132313626000000000" Dst="0" />
<file name="rtl.css" server="ftp.stackcp.com" local="132483592558436167" remote="132460254000000000" Dst="0" />
<file name="user-style.css" server="ftp.stackcp.com" local="132483592699977399" remote="132479164200000000" Dst="0" />
<file name="user-style.min.css" server="ftp.stackcp.com" local="132483592701707588" remote="132455694000000000" Dst="0" />
<file name="user-style-rtl.css" server="ftp.stackcp.com" local="132483592708998704" remote="132460253400000000" Dst="0" />
<file name="venom-button.min.css" server="ftp.stackcp.com" local="132483592801305129" remote="132411188400000000" Dst="0" />
</dwsync>